time_s,voiced,lufs_now,speech_med,ambient_med,snr_est_db,audible
0.00,0.00,-56.25,,-56.25,,0
0.50,0.20,-38.49,,-56.25,,1
1.00,0.50,-36.19,,-56.25,,1
1.50,0.69,-35.89,-35.89,-56.25,20.36,1
2.00,0.95,-34.51,-35.20,-56.25,21.05,1
2.50,0.95,-34.68,-34.68,-56.25,21.57,1
3.00,0.82,-35.28,-34.98,-56.25,21.27,1
3.50,0.94,-34.70,-34.70,-56.25,21.54,1
4.00,0.94,-35.92,-34.99,-56.25,21.26,1
4.50,1.00,-37.10,-35.28,-56.25,20.97,1
5.00,0.89,-37.52,-35.58,-56.25,20.66,1
5.50,0.95,-38.76,-35.89,-56.25,20.36,1
6.00,1.00,-37.16,-35.91,-56.25,20.34,1
6.50,0.82,-38.01,-36.51,-56.25,19.73,1
7.00,0.91,-39.11,-37.13,-56.25,19.11,1
7.50,0.65,-38.33,-37.34,-56.25,18.90,1
8.00,0.60,-39.12,-37.34,-56.25,18.90,1
8.50,0.60,-38.53,-37.34,-56.25,18.90,1
9.00,0.73,-37.27,-37.40,-56.25,18.85,1
9.50,0.68,-37.99,-37.76,-56.25,18.49,1
10.00,0.58,-38.01,-37.76,-56.25,18.49,1
10.50,0.71,-35.98,-37.76,-56.25,18.49,1
11.00,0.85,-35.89,-37.76,-56.25,18.49,1
11.50,0.94,-34.43,-37.63,-56.25,18.62,1
12.00,0.72,-34.63,-37.22,-56.25,19.03,1
12.50,0.63,-36.56,-36.91,-56.25,19.33,1
13.00,0.36,-36.47,-36.91,-56.25,19.33,1
13.50,0.54,-38.92,-36.91,-56.25,19.33,1
14.00,0.81,-39.32,-36.91,-56.25,19.33,1
14.50,0.84,-38.39,-36.91,-56.25,19.33,1
15.00,0.80,-39.47,-36.91,-56.25,19.33,1
15.50,0.87,-39.28,-37.27,-56.25,18.97,1
16.00,0.30,-40.04,-37.27,-56.25,18.97,1
16.50,0.35,-42.55,-37.27,-56.25,18.97,1
17.00,0.19,-45.33,-37.27,-56.25,18.97,1
17.50,0.00,-51.50,-37.27,-53.87,16.60,0
18.00,0.00,-51.73,-37.27,-51.73,14.46,0
18.50,0.00,-50.71,-37.27,-51.61,14.34,0
19.00,0.00,-50.48,-37.27,-51.50,14.22,0
19.50,0.00,-50.13,-37.27,-51.10,13.83,0
20.00,0.00,-50.49,-37.27,-50.71,13.44,0
20.50,0.00,-51.27,-37.27,-50.99,13.72,0
21.00,0.15,-50.20,-37.27,-50.99,13.72,0
21.50,0.42,-50.59,-37.27,-50.99,13.72,0
22.00,0.68,-50.15,-37.47,-50.99,13.52,0
22.50,0.25,-49.28,-37.47,-50.99,13.52,1
23.00,0.00,-49.08,-37.47,-50.71,13.24,1
23.50,0.00,-46.97,-37.47,-50.60,13.13,1
24.00,0.21,-39.87,-37.47,-50.60,13.13,1
24.50,0.47,-38.70,-37.47,-50.60,13.13,1
25.00,0.73,-38.00,-38.19,-50.60,12.41,1
25.50,0.97,-36.41,-38.19,-50.60,12.41,1
26.00,0.96,-36.60,-38.19,-50.60,12.41,1
26.50,0.84,-36.69,-38.19,-50.60,12.41,1
27.00,0.92,-36.32,-38.19,-50.60,12.41,1
27.50,0.90,-36.76,-37.38,-50.60,13.22,1
28.00,0.94,-36.66,-36.73,-50.60,13.87,1
28.50,0.56,-36.42,-36.73,-50.60,13.87,1
29.00,0.82,-35.10,-36.68,-50.60,13.92,1
29.50,0.84,-34.91,-36.63,-50.60,13.97,1
30.00,0.84,-35.83,-36.51,-50.60,14.09,1
30.50,0.64,-36.36,-36.39,-50.60,14.21,1
31.00,0.72,-37.93,-36.48,-50.60,14.12,1
31.50,0.38,-37.92,-36.48,-50.60,14.12,1
32.00,0.63,-37.19,-36.51,-50.60,14.09,1
32.50,0.87,-36.86,-36.51,-50.60,14.09,1
33.00,0.98,-37.67,-36.71,-50.60,13.89,1
33.50,0.95,-39.05,-36.76,-50.60,13.84,1
34.00,0.98,-39.61,-37.03,-50.60,13.57,1
34.50,0.97,-38.15,-37.43,-50.60,13.17,1
35.00,0.78,-38.11,-37.80,-50.60,12.80,1
35.50,0.19,-38.21,-37.80,-50.60,12.80,1
36.00,0.18,-37.17,-37.80,-50.60,12.80,1
36.50,0.21,-38.68,-37.80,-50.60,12.80,1
37.00,0.36,-37.99,-37.80,-50.60,12.80,1
37.50,0.58,-37.60,-37.80,-50.60,12.80,1
38.00,0.54,-37.72,-37.80,-50.60,12.80,1
38.50,0.90,-37.08,-37.80,-50.60,12.80,1
39.00,0.85,-37.43,-37.80,-50.60,12.80,1
39.50,0.95,-37.36,-37.55,-50.60,13.05,1
40.00,0.59,-39.11,-37.55,-50.60,13.05,1
40.50,0.57,-40.35,-37.55,-50.60,13.05,1
41.00,0.35,-39.49,-37.55,-50.60,13.05,1
41.50,0.00,-37.65,-37.55,-50.48,12.93,1
42.00,0.00,-36.77,-37.55,-50.30,12.75,1
42.50,0.23,-35.01,-37.55,-50.30,12.75,1
43.00,0.47,-34.75,-37.55,-50.30,12.75,1
43.50,0.71,-34.99,-37.55,-50.30,12.75,1
44.00,0.84,-34.65,-37.55,-50.30,12.75,1
44.50,0.45,-35.89,-37.55,-50.30,12.75,1
45.00,0.27,-36.59,-37.55,-50.30,12.75,1
45.50,0.00,-37.46,-37.55,-49.60,12.05,1
46.00,0.00,-37.66,-37.55,-48.02,10.47,1
46.50,0.14,-33.15,-37.55,-48.02,10.47,1
47.00,0.00,-28.34,-37.55,-42.31,4.76,1
47.50,0.00,-21.30,-37.55,-37.65,0.10,1
48.00,0.11,-18.61,-37.55,-37.65,0.10,1
48.50,0.08,-17.42,-37.55,-37.55,0.00,1
49.00,0.00,-17.15,-37.55,-37.11,-0.44,1
49.50,0.00,-18.28,-37.55,-32.55,-5.00,1
50.00,0.00,-20.43,-37.55,-24.82,-12.73,1
50.50,0.14,-23.13,-37.55,-24.82,-12.73,1
51.00,0.13,-25.27,-37.55,-24.82,-12.73,1
51.50,0.00,-27.82,-37.55,-24.56,-12.99,1
52.00,0.00,-28.83,-37.55,-24.56,-12.99,1
52.50,0.00,-30.14,-37.55,-24.56,-12.99,1
53.00,0.00,-30.79,-37.55,-24.56,-12.99,1
53.50,0.00,-31.86,-37.55,-24.56,-12.99,1
54.00,0.09,-31.30,-37.55,-28.33,-9.22,1
54.50,0.00,-30.48,-37.55,-29.48,-8.07,1
55.00,0.08,-29.83,-37.55,-29.98,-7.57,1
55.50,0.00,-29.31,-37.55,-29.98,-7.57,1
56.00,0.00,-29.89,-37.55,-30.01,-7.54,1
56.50,0.00,-30.33,-37.55,-30.23,-7.32,1
57.00,0.00,-29.83,-37.55,-30.23,-7.32,1
57.50,0.06,-28.51,-37.55,-30.11,-7.44,1
58.00,0.00,-28.67,-37.55,-29.86,-7.69,1
